collab_id,track_id,primary_artist_id,featured_artist_id,collab_type
COL_0001,TRK_00002,ART_0384,ART_0090,Featured
COL_0002,TRK_02394,ART_0437,ART_0216,Producer
COL_0003,TRK_02292,ART_0499,ART_0667,Featured
COL_0004,TRK_00738,ART_0516,ART_0374,Featured
COL_0005,TRK_02870,ART_0442,ART_0562,Featured
COL_0006,TRK_00415,ART_0474,ART_0237,Featured
COL_0007,TRK_02615,ART_0424,ART_0360,Remix
COL_0008,TRK_01949,ART_0458,ART_0470,Featured
COL_0009,TRK_03489,ART_0071,ART_0627,Featured
COL_0010,TRK_01176,ART_0331,ART_0223,Featured
COL_0011,TRK_04216,ART_0028,ART_0067,Featured
COL_0012,TRK_01683,ART_0368,ART_0191,Featured
COL_0013,TRK_05956,ART_0229,ART_0672,Featured
COL_0014,TRK_01344,ART_0286,ART_0129,Featured
COL_0015,TRK_01182,ART_0423,ART_0392,Featured
COL_0016,TRK_01056,ART_0480,ART_0029,Featured
COL_0017,TRK_02345,ART_0437,ART_0048,Featured
COL_0018,TRK_04680,ART_0176,ART_0376,Featured
COL_0019,TRK_05553,ART_0465,ART_0055,Featured
COL_0020,TRK_05317,ART_0394,ART_0275,Featured
COL_0021,TRK_01806,ART_0520,ART_0165,Producer
COL_0022,TRK_01114,ART_0437,ART_0238,Featured
COL_0023,TRK_04933,ART_0270,ART_0536,Remix
COL_0024,TRK_04054,ART_0296,ART_0258,Producer
COL_0025,TRK_03510,ART_0489,ART_0380,Featured
COL_0026,TRK_00206,ART_0109,ART_0182,Remix
COL_0027,TRK_04233,ART_0539,ART_0229,Featured
COL_0028,TRK_01182,ART_0423,ART_0356,Remix
COL_0029,TRK_00678,ART_0300,ART_0315,Remix
COL_0030,TRK_03375,ART_0421,ART_0214,Featured
COL_0031,TRK_01244,ART_0178,ART_0677,Remix
COL_0032,TRK_03933,ART_0355,ART_0103,Featured
COL_0033,TRK_04445,ART_0499,ART_0655,Remix
COL_0034,TRK_00129,ART_0311,ART_0656,Featured
COL_0035,TRK_04527,ART_0110,ART_0586,Featured
COL_0036,TRK_02099,ART_0309,ART_0218,Featured
COL_0037,TRK_02099,ART_0309,ART_0177,Featured
COL_0038,TRK_01355,ART_0158,ART_0179,Remix
COL_0039,TRK_00090,ART_0437,ART_0577,Featured
COL_0040,TRK_02563,ART_0458,ART_0479,Remix
COL_0041,TRK_02645,ART_0287,ART_0452,Featured
COL_0042,TRK_05010,ART_0691,ART_0478,Featured
COL_0043,TRK_04376,ART_0646,ART_0217,Featured
COL_0044,TRK_04516,ART_0486,ART_0376,Remix
COL_0045,TRK_05749,ART_0611,ART_0570,Featured
COL_0046,TRK_03896,ART_0331,ART_0143,Featured
COL_0047,TRK_02798,ART_0437,ART_0696,Featured
COL_0048,TRK_00005,ART_0073,ART_0361,Remix
COL_0049,TRK_04876,ART_0423,ART_0348,Featured
COL_0050,TRK_05403,ART_0423,ART_0685,Featured
COL_0051,TRK_00377,ART_0409,ART_0394,Featured
COL_0052,TRK_02155,ART_0693,ART_0662,Featured
COL_0053,TRK_01831,ART_0578,ART_0418,Remix
COL_0054,TRK_02716,ART_0657,ART_0614,Featured
COL_0055,TRK_00150,ART_0572,ART_0605,Remix
COL_0056,TRK_05018,ART_0112,ART_0384,Featured
COL_0057,TRK_03471,ART_0530,ART_0206,Featured
COL_0058,TRK_02581,ART_0327,ART_0352,Remix
COL_0059,TRK_04613,ART_0520,ART_0110,Featured
COL_0060,TRK_00131,ART_0001,ART_0517,Featured
COL_0061,TRK_01355,ART_0158,ART_0644,Featured
COL_0062,TRK_00405,ART_0388,ART_0376,Remix
COL_0063,TRK_05258,ART_0568,ART_0249,Remix
COL_0064,TRK_02922,ART_0016,ART_0461,Remix
COL_0065,TRK_01604,ART_0483,ART_0016,Producer
COL_0066,TRK_03732,ART_0236,ART_0234,Featured
COL_0067,TRK_03259,ART_0679,ART_0029,Producer
COL_0068,TRK_03787,ART_0259,ART_0448,Featured
COL_0069,TRK_01460,ART_0623,ART_0062,Featured
COL_0070,TRK_04545,ART_0140,ART_0009,Featured
COL_0071,TRK_04476,ART_0202,ART_0351,Featured
COL_0072,TRK_03581,ART_0405,ART_0064,Featured
COL_0073,TRK_02639,ART_0437,ART_0698,Featured
COL_0074,TRK_02324,ART_0047,ART_0644,Remix
COL_0075,TRK_05660,ART_0554,ART_0676,Featured
COL_0076,TRK_04472,ART_0212,ART_0192,Producer
COL_0077,TRK_04458,ART_0597,ART_0619,Featured
COL_0078,TRK_00220,ART_0219,ART_0286,Featured
COL_0079,TRK_03200,ART_0627,ART_0657,Featured
COL_0080,TRK_01793,ART_0623,ART_0522,Remix
COL_0081,TRK_02947,ART_0314,ART_0693,Featured
COL_0082,TRK_00123,ART_0467,ART_0056,Producer
COL_0083,TRK_04010,ART_0267,ART_0049,Featured
COL_0084,TRK_02672,ART_0446,ART_0097,Featured
COL_0085,TRK_04448,ART_0295,ART_0580,Featured
COL_0086,TRK_01033,ART_0233,ART_0213,Featured
COL_0087,TRK_00105,ART_0437,ART_0293,Remix
COL_0088,TRK_00344,ART_0112,ART_0061,Featured
COL_0089,TRK_02800,ART_0426,ART_0280,Remix
COL_0090,TRK_04172,ART_0134,ART_0358,Featured
COL_0091,TRK_02256,ART_0611,ART_0535,Featured
COL_0092,TRK_03135,ART_0283,ART_0082,Producer
COL_0093,TRK_02358,ART_0402,ART_0367,Featured
COL_0094,TRK_03944,ART_0407,ART_0234,Featured
COL_0095,TRK_02099,ART_0309,ART_0582,Featured
COL_0096,TRK_02133,ART_0437,ART_0470,Remix
COL_0097,TRK_02898,ART_0217,ART_0053,Remix
COL_0098,TRK_02083,ART_0648,ART_0108,Featured
COL_0099,TRK_05810,ART_0071,ART_0446,Remix
COL_0100,TRK_01039,ART_0673,ART_0067,Featured
COL_0101,TRK_01546,ART_0217,ART_0539,Remix
COL_0102,TRK_01158,ART_0110,ART_0664,Featured
COL_0103,TRK_05187,ART_0272,ART_0036,Featured
COL_0104,TRK_03857,ART_0438,ART_0529,Featured
COL_0105,TRK_01122,ART_0465,ART_0037,Featured
COL_0106,TRK_03037,ART_0319,ART_0071,Producer
COL_0107,TRK_01122,ART_0465,ART_0033,Featured
COL_0108,TRK_03341,ART_0222,ART_0303,Featured
COL_0109,TRK_04952,ART_0370,ART_0295,Featured
COL_0110,TRK_05597,ART_0399,ART_0557,Featured
COL_0111,TRK_04377,ART_0413,ART_0692,Featured
COL_0112,TRK_03623,ART_0160,ART_0203,Featured
COL_0113,TRK_02484,ART_0335,ART_0598,Featured
COL_0114,TRK_04462,ART_0150,ART_0222,Remix
COL_0115,TRK_04746,ART_0649,ART_0602,Remix
COL_0116,TRK_05914,ART_0103,ART_0342,Featured
COL_0117,TRK_04687,ART_0542,ART_0518,Featured
COL_0118,TRK_00688,ART_0098,ART_0550,Featured
COL_0119,TRK_05670,ART_0387,ART_0177,Featured
COL_0120,TRK_04034,ART_0415,ART_0554,Featured
COL_0121,TRK_01109,ART_0113,ART_0324,Featured
COL_0122,TRK_04453,ART_0590,ART_0264,Featured
COL_0123,TRK_03810,ART_0481,ART_0203,Producer
COL_0124,TRK_03883,ART_0460,ART_0046,Featured
COL_0125,TRK_00876,ART_0166,ART_0516,Featured
COL_0126,TRK_01036,ART_0564,ART_0355,Featured
COL_0127,TRK_03823,ART_0437,ART_0438,Featured
COL_0128,TRK_05417,ART_0236,ART_0065,Producer
COL_0129,TRK_00226,ART_0267,ART_0496,Remix
COL_0130,TRK_03913,ART_0577,ART_0129,Featured
COL_0131,TRK_04968,ART_0356,ART_0378,Featured
COL_0132,TRK_02876,ART_0590,ART_0292,Featured
COL_0133,TRK_04040,ART_0537,ART_0543,Remix
COL_0134,TRK_00401,ART_0419,ART_0677,Remix
COL_0135,TRK_04216,ART_0028,ART_0462,Featured
COL_0136,TRK_03739,ART_0011,ART_0226,Featured
COL_0137,TRK_01148,ART_0603,ART_0317,Featured
COL_0138,TRK_02775,ART_0237,ART_0689,Remix
COL_0139,TRK_01503,ART_0129,ART_0137,Featured
COL_0140,TRK_05024,ART_0063,ART_0086,Remix
COL_0141,TRK_02720,ART_0682,ART_0209,Producer
COL_0142,TRK_03604,ART_0109,ART_0148,Featured
COL_0143,TRK_04136,ART_0295,ART_0321,Featured
COL_0144,TRK_00353,ART_0690,ART_0433,Remix
COL_0145,TRK_05728,ART_0138,ART_0177,Featured
COL_0146,TRK_05878,ART_0368,ART_0028,Featured
COL_0147,TRK_03388,ART_0146,ART_0028,Featured
COL_0148,TRK_04510,ART_0615,ART_0489,Featured
COL_0149,TRK_02389,ART_0372,ART_0513,Featured
COL_0150,TRK_00129,ART_0311,ART_0214,Featured
COL_0151,TRK_05378,ART_0437,ART_0429,Producer
COL_0152,TRK_03947,ART_0437,ART_0415,Featured
COL_0153,TRK_03928,ART_0284,ART_0036,Featured
COL_0154,TRK_04810,ART_0503,ART_0663,Remix
COL_0155,TRK_00153,ART_0648,ART_0011,Producer
COL_0156,TRK_04135,ART_0467,ART_0427,Featured
COL_0157,TRK_03826,ART_0132,ART_0606,Featured
COL_0158,TRK_04625,ART_0289,ART_0449,Remix
COL_0159,TRK_05916,ART_0621,ART_0386,Featured
COL_0160,TRK_05608,ART_0103,ART_0589,Featured
COL_0161,TRK_04552,ART_0625,ART_0672,Producer
COL_0162,TRK_00760,ART_0126,ART_0050,Featured
COL_0163,TRK_02262,ART_0154,ART_0031,Remix
COL_0164,TRK_02677,ART_0694,ART_0646,Featured
COL_0165,TRK_03087,ART_0581,ART_0363,Featured
COL_0166,TRK_03750,ART_0379,ART_0421,Featured
COL_0167,TRK_03018,ART_0590,ART_0138,Featured
COL_0168,TRK_05077,ART_0437,ART_0579,Featured
COL_0169,TRK_05053,ART_0500,ART_0187,Featured
COL_0170,TRK_04654,ART_0068,ART_0480,Remix
COL_0171,TRK_02260,ART_0616,ART_0698,Producer
COL_0172,TRK_04802,ART_0146,ART_0390,Remix
COL_0173,TRK_03921,ART_0407,ART_0386,Remix
COL_0174,TRK_04963,ART_0201,ART_0578,Featured
COL_0175,TRK_00782,ART_0109,ART_0553,Featured
COL_0176,TRK_01495,ART_0166,ART_0038,Featured
COL_0177,TRK_05489,ART_0300,ART_0072,Featured
COL_0178,TRK_01281,ART_0178,ART_0519,Featured
COL_0179,TRK_02692,ART_0490,ART_0377,Featured
COL_0180,TRK_05167,ART_0254,ART_0436,Featured
COL_0181,TRK_05677,ART_0399,ART_0298,Remix
COL_0182,TRK_01560,ART_0120,ART_0676,Featured
COL_0183,TRK_01710,ART_0643,ART_0220,Featured
COL_0184,TRK_03035,ART_0039,ART_0158,Featured
COL_0185,TRK_00344,ART_0112,ART_0034,Remix
COL_0186,TRK_01246,ART_0675,ART_0011,Featured
COL_0187,TRK_00698,ART_0462,ART_0006,Featured
COL_0188,TRK_03073,ART_0146,ART_0263,Featured
COL_0189,TRK_05485,ART_0631,ART_0327,Featured
COL_0190,TRK_00060,ART_0626,ART_0029,Featured
COL_0191,TRK_03522,ART_0254,ART_0559,Featured
COL_0192,TRK_04902,ART_0013,ART_0369,Producer
COL_0193,TRK_00500,ART_0426,ART_0320,Featured
COL_0194,TRK_01893,ART_0270,ART_0037,Featured
COL_0195,TRK_01692,ART_0611,ART_0381,Featured
COL_0196,TRK_04528,ART_0437,ART_0379,Featured
COL_0197,TRK_04367,ART_0682,ART_0196,Producer
COL_0198,TRK_00752,ART_0413,ART_0456,Featured
COL_0199,TRK_00782,ART_0109,ART_0665,Featured
COL_0200,TRK_04810,ART_0503,ART_0136,Producer
COL_0201,TRK_04397,ART_0064,ART_0439,Remix
COL_0202,TRK_03959,ART_0640,ART_0365,Featured
COL_0203,TRK_02159,ART_0019,ART_0095,Featured
COL_0204,TRK_04309,ART_0255,ART_0338,Remix
COL_0205,TRK_03308,ART_0436,ART_0323,Featured
COL_0206,TRK_05290,ART_0132,ART_0234,Remix
COL_0207,TRK_05145,ART_0100,ART_0568,Featured
COL_0208,TRK_05887,ART_0371,ART_0080,Featured
COL_0209,TRK_03250,ART_0680,ART_0570,Featured
COL_0210,TRK_02683,ART_0435,ART_0311,Featured
COL_0211,TRK_01539,ART_0447,ART_0304,Remix
COL_0212,TRK_04078,ART_0581,ART_0266,Featured
COL_0213,TRK_02298,ART_0352,ART_0057,Featured
COL_0214,TRK_03797,ART_0347,ART_0564,Remix
COL_0215,TRK_01998,ART_0591,ART_0587,Featured
COL_0216,TRK_03694,ART_0605,ART_0314,Featured
COL_0217,TRK_00622,ART_0473,ART_0343,Featured
COL_0218,TRK_01074,ART_0282,ART_0025,Featured
COL_0219,TRK_00940,ART_0347,ART_0170,Featured
COL_0220,TRK_03925,ART_0160,ART_0413,Featured
COL_0221,TRK_00930,ART_0564,ART_0676,Featured
COL_0222,TRK_00466,ART_0022,ART_0244,Featured
COL_0223,TRK_00667,ART_0437,ART_0527,Featured
COL_0224,TRK_02463,ART_0586,ART_0625,Featured
COL_0225,TRK_02490,ART_0621,ART_0438,Featured
COL_0226,TRK_05290,ART_0132,ART_0694,Featured
COL_0227,TRK_02717,ART_0212,ART_0392,Featured
COL_0228,TRK_00764,ART_0515,ART_0567,Remix
COL_0229,TRK_00772,ART_0211,ART_0667,Remix
COL_0230,TRK_04960,ART_0412,ART_0043,Featured
COL_0231,TRK_03839,ART_0549,ART_0345,Featured
COL_0232,TRK_00115,ART_0133,ART_0410,Featured
COL_0233,TRK_01163,ART_0064,ART_0257,Featured
COL_0234,TRK_04538,ART_0407,ART_0531,Producer
COL_0235,TRK_03693,ART_0007,ART_0265,Remix
COL_0236,TRK_01772,ART_0108,ART_0060,Featured
COL_0237,TRK_00812,ART_0442,ART_0436,Featured
COL_0238,TRK_05931,ART_0437,ART_0229,Remix
COL_0239,TRK_05241,ART_0347,ART_0049,Featured
COL_0240,TRK_02928,ART_0146,ART_0690,Producer
COL_0241,TRK_04846,ART_0609,ART_0299,Featured
COL_0242,TRK_04301,ART_0027,ART_0458,Featured
COL_0243,TRK_02585,ART_0155,ART_0529,Featured
COL_0244,TRK_04322,ART_0210,ART_0313,Featured
COL_0245,TRK_05507,ART_0482,ART_0700,Featured
COL_0246,TRK_01932,ART_0065,ART_0619,Producer
COL_0247,TRK_05956,ART_0229,ART_0309,Producer
COL_0248,TRK_01643,ART_0437,ART_0510,Remix
COL_0249,TRK_03415,ART_0255,ART_0316,Featured
COL_0250,TRK_00854,ART_0132,ART_0317,Featured
COL_0251,TRK_01338,ART_0198,ART_0033,Featured
COL_0252,TRK_04978,ART_0690,ART_0070,Featured
COL_0253,TRK_03964,ART_0001,ART_0578,Featured
COL_0254,TRK_03109,ART_0118,ART_0399,Producer
COL_0255,TRK_02030,ART_0647,ART_0327,Remix
COL_0256,TRK_02957,ART_0384,ART_0467,Featured
COL_0257,TRK_04337,ART_0319,ART_0535,Featured
COL_0258,TRK_05193,ART_0201,ART_0079,Featured
COL_0259,TRK_01619,ART_0323,ART_0635,Producer
COL_0260,TRK_01693,ART_0479,ART_0629,Remix
COL_0261,TRK_05022,ART_0164,ART_0214,Remix
COL_0262,TRK_00885,ART_0598,ART_0066,Featured
COL_0263,TRK_03918,ART_0404,ART_0210,Remix
COL_0264,TRK_05792,ART_0671,ART_0309,Featured
COL_0265,TRK_03340,ART_0359,ART_0462,Featured
COL_0266,TRK_04148,ART_0256,ART_0635,Featured
COL_0267,TRK_01221,ART_0185,ART_0087,Featured
COL_0268,TRK_01571,ART_0236,ART_0027,Remix
COL_0269,TRK_00475,ART_0106,ART_0086,Featured
COL_0270,TRK_03641,ART_0377,ART_0005,Featured
COL_0271,TRK_00372,ART_0460,ART_0226,Featured
COL_0272,TRK_01985,ART_0171,ART_0200,Featured
COL_0273,TRK_05478,ART_0655,ART_0643,Remix
COL_0274,TRK_03990,ART_0381,ART_0162,Remix
COL_0275,TRK_02719,ART_0065,ART_0552,Remix
COL_0276,TRK_02898,ART_0217,ART_0307,Featured
COL_0277,TRK_01572,ART_0442,ART_0484,Featured
COL_0278,TRK_04627,ART_0577,ART_0198,Featured
COL_0279,TRK_02758,ART_0242,ART_0023,Featured
COL_0280,TRK_04728,ART_0671,ART_0640,Remix
COL_0281,TRK_00970,ART_0438,ART_0651,Remix
COL_0282,TRK_04681,ART_0120,ART_0231,Featured
COL_0283,TRK_03478,ART_0347,ART_0409,Remix
COL_0284,TRK_02923,ART_0626,ART_0258,Featured
COL_0285,TRK_02071,ART_0088,ART_0018,Remix
COL_0286,TRK_01412,ART_0063,ART_0524,Featured
COL_0287,TRK_04588,ART_0295,ART_0222,Featured
COL_0288,TRK_03707,ART_0578,ART_0243,Featured
COL_0289,TRK_02438,ART_0181,ART_0087,Featured
COL_0290,TRK_04179,ART_0489,ART_0203,Featured
COL_0291,TRK_02663,ART_0267,ART_0464,Featured
COL_0292,TRK_05239,ART_0177,ART_0504,Featured
COL_0293,TRK_01206,ART_0437,ART_0036,Featured
COL_0294,TRK_00409,ART_0566,ART_0615,Producer
COL_0295,TRK_02347,ART_0697,ART_0690,Featured
COL_0296,TRK_00978,ART_0242,ART_0275,Featured
COL_0297,TRK_05190,ART_0132,ART_0350,Featured
COL_0298,TRK_05478,ART_0655,ART_0332,Featured
COL_0299,TRK_00380,ART_0437,ART_0542,Featured
COL_0300,TRK_01404,ART_0518,ART_0349,Featured
COL_0301,TRK_01354,ART_0124,ART_0680,Featured
COL_0302,TRK_02846,ART_0352,ART_0384,Remix
COL_0303,TRK_01881,ART_0176,ART_0199,Featured
COL_0304,TRK_04878,ART_0354,ART_0266,Featured
COL_0305,TRK_04974,ART_0457,ART_0003,Featured
COL_0306,TRK_01821,ART_0023,ART_0587,Remix
COL_0307,TRK_02348,ART_0023,ART_0697,Featured
COL_0308,TRK_03793,ART_0372,ART_0066,Featured
COL_0309,TRK_03300,ART_0413,ART_0130,Featured
COL_0310,TRK_05380,ART_0637,ART_0215,Featured
COL_0311,TRK_02982,ART_0201,ART_0079,Featured
COL_0312,TRK_00668,ART_0479,ART_0396,Featured
COL_0313,TRK_01162,ART_0047,ART_0657,Featured
COL_0314,TRK_00506,ART_0182,ART_0148,Featured
COL_0315,TRK_05086,ART_0381,ART_0068,Featured
COL_0316,TRK_04495,ART_0519,ART_0210,Remix
COL_0317,TRK_01413,ART_0041,ART_0551,Featured
COL_0318,TRK_01185,ART_0650,ART_0221,Featured
COL_0319,TRK_05479,ART_0022,ART_0155,Producer
COL_0320,TRK_02429,ART_0508,ART_0640,Featured
COL_0321,TRK_04371,ART_0189,ART_0253,Producer
COL_0322,TRK_04539,ART_0273,ART_0503,Featured
COL_0323,TRK_04398,ART_0516,ART_0481,Featured
COL_0324,TRK_03930,ART_0213,ART_0548,Remix
COL_0325,TRK_01029,ART_0344,ART_0688,Featured
COL_0326,TRK_00821,ART_0419,ART_0646,Featured
COL_0327,TRK_03847,ART_0344,ART_0669,Producer
COL_0328,TRK_05866,ART_0185,ART_0541,Remix
COL_0329,TRK_02676,ART_0110,ART_0520,Remix
COL_0330,TRK_00607,ART_0392,ART_0192,Featured
COL_0331,TRK_03895,ART_0433,ART_0666,Remix
COL_0332,TRK_02182,ART_0028,ART_0350,Remix
COL_0333,TRK_02784,ART_0341,ART_0324,Featured
COL_0334,TRK_05981,ART_0110,ART_0037,Featured
COL_0335,TRK_05903,ART_0639,ART_0300,Producer
COL_0336,TRK_04605,ART_0013,ART_0259,Remix
COL_0337,TRK_02072,ART_0222,ART_0099,Featured
COL_0338,TRK_05809,ART_0154,ART_0192,Remix
COL_0339,TRK_05189,ART_0611,ART_0145,Featured
COL_0340,TRK_05014,ART_0052,ART_0620,Featured
COL_0341,TRK_05826,ART_0437,ART_0048,Featured
COL_0342,TRK_02638,ART_0295,ART_0437,Featured
COL_0343,TRK_05866,ART_0185,ART_0134,Featured
COL_0344,TRK_01258,ART_0272,ART_0379,Featured
COL_0345,TRK_05461,ART_0691,ART_0202,Remix
COL_0346,TRK_01160,ART_0611,ART_0191,Featured
COL_0347,TRK_02118,ART_0219,ART_0180,Featured
COL_0348,TRK_05793,ART_0118,ART_0181,Featured
COL_0349,TRK_04955,ART_0089,ART_0347,Featured
COL_0350,TRK_05713,ART_0026,ART_0550,Producer
COL_0351,TRK_01986,ART_0118,ART_0087,Featured
COL_0352,TRK_01758,ART_0335,ART_0603,Producer
COL_0353,TRK_02174,ART_0389,ART_0672,Producer
COL_0354,TRK_04593,ART_0319,ART_0331,Remix
COL_0355,TRK_00560,ART_0350,ART_0023,Featured
COL_0356,TRK_02189,ART_0141,ART_0132,Featured
COL_0357,TRK_02253,ART_0427,ART_0273,Producer
COL_0358,TRK_04869,ART_0562,ART_0398,Remix
COL_0359,TRK_04888,ART_0341,ART_0641,Remix
COL_0360,TRK_02417,ART_0202,ART_0289,Featured
COL_0361,TRK_02654,ART_0118,ART_0534,Remix
COL_0362,TRK_03860,ART_0500,ART_0372,Featured
COL_0363,TRK_04377,ART_0413,ART_0558,Producer
COL_0364,TRK_05310,ART_0246,ART_0199,Featured
COL_0365,TRK_04568,ART_0108,ART_0462,Featured
COL_0366,TRK_04623,ART_0487,ART_0662,Remix
COL_0367,TRK_00156,ART_0698,ART_0039,Featured
COL_0368,TRK_01654,ART_0608,ART_0484,Producer
COL_0369,TRK_01774,ART_0010,ART_0110,Featured
COL_0370,TRK_04591,ART_0272,ART_0304,Featured
COL_0371,TRK_02724,ART_0195,ART_0411,Remix
COL_0372,TRK_00299,ART_0010,ART_0547,Producer
COL_0373,TRK_03312,ART_0413,ART_0213,Featured
COL_0374,TRK_03072,ART_0511,ART_0142,Featured
COL_0375,TRK_05625,ART_0185,ART_0608,Featured
COL_0376,TRK_03769,ART_0352,ART_0508,Featured
COL_0377,TRK_05333,ART_0469,ART_0067,Featured
COL_0378,TRK_02247,ART_0065,ART_0695,Remix
COL_0379,TRK_05874,ART_0379,ART_0295,Featured
COL_0380,TRK_02998,ART_0533,ART_0519,Featured
COL_0381,TRK_03405,ART_0354,ART_0528,Remix
COL_0382,TRK_03132,ART_0284,ART_0058,Featured
COL_0383,TRK_01879,ART_0283,ART_0006,Featured
COL_0384,TRK_00039,ART_0294,ART_0588,Featured
COL_0385,TRK_05913,ART_0405,ART_0018,Featured
COL_0386,TRK_00470,ART_0379,ART_0179,Featured
COL_0387,TRK_00715,ART_0151,ART_0236,Remix
COL_0388,TRK_01270,ART_0438,ART_0367,Producer
COL_0389,TRK_03021,ART_0381,ART_0111,Featured
COL_0390,TRK_00723,ART_0064,ART_0373,Featured
COL_0391,TRK_03504,ART_0563,ART_0685,Featured
COL_0392,TRK_03937,ART_0335,ART_0487,Featured
COL_0393,TRK_03639,ART_0307,ART_0530,Featured
COL_0394,TRK_02306,ART_0243,ART_0655,Featured
COL_0395,TRK_04854,ART_0396,ART_0184,Featured
COL_0396,TRK_02308,ART_0454,ART_0325,Featured
COL_0397,TRK_05749,ART_0611,ART_0021,Featured
COL_0398,TRK_05499,ART_0119,ART_0602,Remix
COL_0399,TRK_01826,ART_0117,ART_0425,Featured
COL_0400,TRK_00143,ART_0412,ART_0006,Featured
COL_0401,TRK_05390,ART_0483,ART_0377,Remix
COL_0402,TRK_05001,ART_0433,ART_0327,Featured
COL_0403,TRK_05414,ART_0279,ART_0166,Featured
COL_0404,TRK_05946,ART_0467,ART_0456,Producer
COL_0405,TRK_01757,ART_0448,ART_0447,Featured
COL_0406,TRK_03856,ART_0412,ART_0693,Featured
COL_0407,TRK_01604,ART_0483,ART_0230,Remix
COL_0408,TRK_00754,ART_0255,ART_0035,Remix
COL_0409,TRK_05700,ART_0379,ART_0647,Featured
COL_0410,TRK_05921,ART_0395,ART_0420,Featured
COL_0411,TRK_01325,ART_0141,ART_0375,Featured
COL_0412,TRK_05810,ART_0071,ART_0457,Featured
COL_0413,TRK_04125,ART_0176,ART_0663,Featured
COL_0414,TRK_04509,ART_0567,ART_0574,Featured
COL_0415,TRK_00114,ART_0661,ART_0507,Featured
COL_0416,TRK_03034,ART_0442,ART_0339,Featured
COL_0417,TRK_01958,ART_0260,ART_0123,Featured
COL_0418,TRK_04160,ART_0008,ART_0264,Featured
COL_0419,TRK_00968,ART_0203,ART_0609,Featured
COL_0420,TRK_05406,ART_0555,ART_0544,Featured
COL_0421,TRK_05746,ART_0611,ART_0657,Featured
COL_0422,TRK_03453,ART_0161,ART_0643,Remix
COL_0423,TRK_00011,ART_0020,ART_0103,Featured
COL_0424,TRK_04229,ART_0437,ART_0379,Remix
COL_0425,TRK_03043,ART_0289,ART_0477,Featured
COL_0426,TRK_00917,ART_0347,ART_0350,Featured
COL_0427,TRK_04119,ART_0593,ART_0325,Featured
COL_0428,TRK_03239,ART_0101,ART_0272,Featured
COL_0429,TRK_04239,ART_0419,ART_0606,Featured
COL_0430,TRK_00090,ART_0437,ART_0538,Featured
COL_0431,TRK_04123,ART_0392,ART_0226,Producer
COL_0432,TRK_01981,ART_0381,ART_0473,Featured
COL_0433,TRK_02956,ART_0369,ART_0686,Remix
COL_0434,TRK_00270,ART_0097,ART_0256,Remix
COL_0435,TRK_02760,ART_0129,ART_0053,Remix
COL_0436,TRK_02242,ART_0219,ART_0479,Featured
COL_0437,TRK_02495,ART_0210,ART_0382,Featured
COL_0438,TRK_03172,ART_0097,ART_0260,Featured
COL_0439,TRK_03181,ART_0229,ART_0053,Producer
COL_0440,TRK_04882,ART_0166,ART_0608,Featured
COL_0441,TRK_02118,ART_0219,ART_0236,Featured
COL_0442,TRK_00092,ART_0202,ART_0104,Remix
COL_0443,TRK_01461,ART_0626,ART_0409,Featured
COL_0444,TRK_00451,ART_0502,ART_0007,Featured
COL_0445,TRK_00223,ART_0126,ART_0389,Featured
COL_0446,TRK_04422,ART_0298,ART_0653,Featured
COL_0447,TRK_00796,ART_0076,ART_0108,Featured
COL_0448,TRK_00054,ART_0577,ART_0284,Featured
COL_0449,TRK_04133,ART_0575,ART_0255,Featured
COL_0450,TRK_04267,ART_0622,ART_0370,Featured
COL_0451,TRK_02621,ART_0117,ART_0161,Producer
COL_0452,TRK_04039,ART_0031,ART_0581,Producer
COL_0453,TRK_00371,ART_0492,ART_0052,Producer
COL_0454,TRK_03755,ART_0098,ART_0190,Featured
COL_0455,TRK_02025,ART_0418,ART_0093,Producer
COL_0456,TRK_03034,ART_0442,ART_0143,Featured
COL_0457,TRK_00565,ART_0142,ART_0453,Producer
COL_0458,TRK_05836,ART_0154,ART_0011,Featured
COL_0459,TRK_03665,ART_0584,ART_0141,Producer
COL_0460,TRK_05628,ART_0511,ART_0097,Producer
COL_0461,TRK_00777,ART_0665,ART_0645,Producer
COL_0462,TRK_03437,ART_0568,ART_0083,Featured
COL_0463,TRK_00011,ART_0020,ART_0341,Remix
COL_0464,TRK_05876,ART_0099,ART_0595,Featured
COL_0465,TRK_05008,ART_0283,ART_0401,Remix
COL_0466,TRK_03965,ART_0479,ART_0144,Featured
COL_0467,TRK_01332,ART_0646,ART_0654,Featured
COL_0468,TRK_05920,ART_0220,ART_0102,Producer
COL_0469,TRK_01766,ART_0441,ART_0174,Featured
COL_0470,TRK_01046,ART_0219,ART_0623,Remix
COL_0471,TRK_02974,ART_0098,ART_0112,Featured
COL_0472,TRK_01902,ART_0304,ART_0587,Remix
COL_0473,TRK_04720,ART_0142,ART_0302,Producer
COL_0474,TRK_00047,ART_0163,ART_0619,Featured
COL_0475,TRK_05839,ART_0230,ART_0448,Remix
COL_0476,TRK_03326,ART_0154,ART_0458,Producer
COL_0477,TRK_03007,ART_0023,ART_0695,Remix
COL_0478,TRK_01111,ART_0607,ART_0016,Featured
COL_0479,TRK_05048,ART_0437,ART_0359,Remix
COL_0480,TRK_04501,ART_0611,ART_0120,Producer
COL_0481,TRK_02269,ART_0577,ART_0609,Featured
COL_0482,TRK_02167,ART_0611,ART_0498,Featured
COL_0483,TRK_00997,ART_0046,ART_0201,Featured
COL_0484,TRK_03834,ART_0453,ART_0204,Featured
COL_0485,TRK_00764,ART_0515,ART_0539,Producer
COL_0486,TRK_02929,ART_0271,ART_0235,Featured
COL_0487,TRK_03459,ART_0530,ART_0159,Remix
COL_0488,TRK_03780,ART_0481,ART_0396,Featured
COL_0489,TRK_05937,ART_0093,ART_0549,Featured
COL_0490,TRK_03946,ART_0438,ART_0114,Remix
COL_0491,TRK_00194,ART_0457,ART_0659,Remix
COL_0492,TRK_03149,ART_0020,ART_0105,Remix
COL_0493,TRK_01749,ART_0437,ART_0339,Featured
COL_0494,TRK_00811,ART_0347,ART_0062,Remix
COL_0495,TRK_05353,ART_0560,ART_0017,Remix
COL_0496,TRK_00099,ART_0267,ART_0436,Featured
COL_0497,TRK_01824,ART_0359,ART_0255,Featured
COL_0498,TRK_02839,ART_0475,ART_0029,Producer
COL_0499,TRK_05809,ART_0154,ART_0633,Featured
COL_0500,TRK_00817,ART_0362,ART_0487,Featured
COL_0501,TRK_00132,ART_0472,ART_0441,Featured
COL_0502,TRK_00319,ART_0158,ART_0639,Featured
COL_0503,TRK_05648,ART_0437,ART_0589,Featured
COL_0504,TRK_04467,ART_0109,ART_0568,Remix
COL_0505,TRK_04244,ART_0404,ART_0448,Featured
COL_0506,TRK_03946,ART_0438,ART_0357,Featured
COL_0507,TRK_00100,ART_0352,ART_0523,Featured
COL_0508,TRK_04775,ART_0688,ART_0509,Featured
COL_0509,TRK_02757,ART_0406,ART_0500,Featured
COL_0510,TRK_01142,ART_0497,ART_0439,Featured
COL_0511,TRK_00151,ART_0410,ART_0109,Remix
COL_0512,TRK_03774,ART_0517,ART_0675,Featured
COL_0513,TRK_05713,ART_0026,ART_0048,Featured
COL_0514,TRK_00559,ART_0052,ART_0638,Featured
COL_0515,TRK_02953,ART_0442,ART_0005,Featured
COL_0516,TRK_04449,ART_0478,ART_0522,Featured
COL_0517,TRK_05632,ART_0437,ART_0216,Featured
COL_0518,TRK_03953,ART_0138,ART_0258,Featured
COL_0519,TRK_04639,ART_0691,ART_0218,Featured
COL_0520,TRK_00670,ART_0681,ART_0092,Producer
COL_0521,TRK_02622,ART_0352,ART_0601,Producer
COL_0522,TRK_01859,ART_0442,ART_0602,Featured
COL_0523,TRK_02973,ART_0437,ART_0095,Featured
COL_0524,TRK_03698,ART_0637,ART_0473,Remix
COL_0525,TRK_05438,ART_0242,ART_0122,Featured
COL_0526,TRK_02254,ART_0216,ART_0482,Featured
COL_0527,TRK_00764,ART_0515,ART_0268,Featured
COL_0528,TRK_03029,ART_0437,ART_0530,Featured
COL_0529,TRK_02446,ART_0177,ART_0217,Featured
COL_0530,TRK_02463,ART_0586,ART_0389,Remix
COL_0531,TRK_04841,ART_0107,ART_0239,Featured
COL_0532,TRK_04326,ART_0291,ART_0160,Featured
COL_0533,TRK_02718,ART_0368,ART_0493,Remix
COL_0534,TRK_03940,ART_0563,ART_0014,Producer
COL_0535,TRK_03171,ART_0057,ART_0472,Producer
COL_0536,TRK_03835,ART_0138,ART_0541,Featured
COL_0537,TRK_03227,ART_0289,ART_0351,Featured
COL_0538,TRK_00294,ART_0457,ART_0267,Featured
COL_0539,TRK_04696,ART_0422,ART_0136,Featured
COL_0540,TRK_01664,ART_0404,ART_0533,Featured
COL_0541,TRK_03725,ART_0487,ART_0054,Featured
COL_0542,TRK_01723,ART_0581,ART_0528,Featured
COL_0543,TRK_04772,ART_0693,ART_0212,Featured
COL_0544,TRK_00721,ART_0191,ART_0560,Featured
COL_0545,TRK_00409,ART_0566,ART_0452,Featured
COL_0546,TRK_03933,ART_0355,ART_0296,Featured
COL_0547,TRK_03593,ART_0379,ART_0542,Featured
COL_0548,TRK_04498,ART_0067,ART_0242,Featured
COL_0549,TRK_04217,ART_0410,ART_0105,Featured
COL_0550,TRK_03913,ART_0577,ART_0538,Featured
COL_0551,TRK_00621,ART_0018,ART_0273,Featured
COL_0552,TRK_05178,ART_0446,ART_0344,Featured
COL_0553,TRK_01672,ART_0367,ART_0508,Remix
COL_0554,TRK_02137,ART_0291,ART_0636,Featured
COL_0555,TRK_02789,ART_0272,ART_0482,Featured
COL_0556,TRK_03682,ART_0147,ART_0638,Featured
COL_0557,TRK_05411,ART_0158,ART_0301,Featured
COL_0558,TRK_03851,ART_0045,ART_0004,Remix
COL_0559,TRK_05951,ART_0404,ART_0269,Featured
COL_0560,TRK_00619,ART_0437,ART_0315,Featured
COL_0561,TRK_03590,ART_0400,ART_0643,Featured
COL_0562,TRK_03384,ART_0437,ART_0265,Producer
COL_0563,TRK_00313,ART_0433,ART_0566,Featured
COL_0564,TRK_00966,ART_0428,ART_0067,Featured
COL_0565,TRK_03045,ART_0304,ART_0443,Featured
COL_0566,TRK_01946,ART_0684,ART_0478,Featured
COL_0567,TRK_01864,ART_0589,ART_0144,Producer
COL_0568,TRK_01301,ART_0453,ART_0139,Remix
COL_0569,TRK_04746,ART_0649,ART_0282,Featured
COL_0570,TRK_00437,ART_0450,ART_0500,Featured
COL_0571,TRK_00250,ART_0344,ART_0064,Featured
COL_0572,TRK_05749,ART_0611,ART_0139,Remix
COL_0573,TRK_04397,ART_0064,ART_0579,Featured
COL_0574,TRK_00281,ART_0437,ART_0214,Producer
COL_0575,TRK_02671,ART_0123,ART_0246,Featured
COL_0576,TRK_05954,ART_0284,ART_0586,Featured
COL_0577,TRK_02081,ART_0076,ART_0694,Featured
COL_0578,TRK_01173,ART_0356,ART_0002,Remix
COL_0579,TRK_02569,ART_0437,ART_0583,Featured
COL_0580,TRK_02368,ART_0409,ART_0347,Remix
COL_0581,TRK_05529,ART_0045,ART_0345,Featured
COL_0582,TRK_04077,ART_0585,ART_0596,Featured
COL_0583,TRK_05487,ART_0146,ART_0004,Featured
COL_0584,TRK_04861,ART_0296,ART_0588,Featured
COL_0585,TRK_01019,ART_0481,ART_0325,Producer
COL_0586,TRK_03006,ART_0167,ART_0378,Remix
COL_0587,TRK_00355,ART_0520,ART_0110,Featured
COL_0588,TRK_01476,ART_0233,ART_0120,Featured
COL_0589,TRK_04250,ART_0446,ART_0364,Remix
COL_0590,TRK_00751,ART_0557,ART_0184,Featured
COL_0591,TRK_05394,ART_0611,ART_0480,Featured
COL_0592,TRK_03196,ART_0611,ART_0278,Featured
COL_0593,TRK_04135,ART_0467,ART_0177,Featured
COL_0594,TRK_00194,ART_0457,ART_0381,Featured
COL_0595,TRK_01308,ART_0359,ART_0082,Featured
COL_0596,TRK_05631,ART_0069,ART_0121,Featured
COL_0597,TRK_00845,ART_0688,ART_0473,Featured
COL_0598,TRK_05511,ART_0267,ART_0625,Featured
COL_0599,TRK_02442,ART_0064,ART_0215,Featured
COL_0600,TRK_03307,ART_0553,ART_0402,Featured
COL_0601,TRK_05921,ART_0395,ART_0512,Featured
COL_0602,TRK_04067,ART_0009,ART_0265,Featured
COL_0603,TRK_05478,ART_0655,ART_0543,Featured
COL_0604,TRK_00349,ART_0004,ART_0045,Featured
COL_0605,TRK_03979,ART_0623,ART_0173,Featured
COL_0606,TRK_05695,ART_0670,ART_0309,Featured
COL_0607,TRK_05581,ART_0132,ART_0507,Remix
COL_0608,TRK_02040,ART_0133,ART_0554,Featured
COL_0609,TRK_00175,ART_0437,ART_0616,Featured
COL_0610,TRK_01124,ART_0441,ART_0409,Producer
COL_0611,TRK_03351,ART_0414,ART_0275,Featured
COL_0612,TRK_05111,ART_0344,ART_0207,Featured
COL_0613,TRK_02542,ART_0350,ART_0185,Featured
COL_0614,TRK_03851,ART_0045,ART_0203,Featured
COL_0615,TRK_04015,ART_0255,ART_0052,Featured
COL_0616,TRK_00782,ART_0109,ART_0378,Remix
COL_0617,TRK_04081,ART_0579,ART_0036,Featured
COL_0618,TRK_01889,ART_0602,ART_0041,Featured
COL_0619,TRK_00300,ART_0634,ART_0534,Remix
COL_0620,TRK_04036,ART_0352,ART_0448,Featured
COL_0621,TRK_01592,ART_0662,ART_0546,Producer
COL_0622,TRK_04837,ART_0045,ART_0034,Featured
COL_0623,TRK_00994,ART_0648,ART_0568,Featured
COL_0624,TRK_05585,ART_0479,ART_0330,Producer
COL_0625,TRK_02513,ART_0202,ART_0224,Remix
COL_0626,TRK_01436,ART_0438,ART_0164,Remix
COL_0627,TRK_05897,ART_0230,ART_0335,Featured
COL_0628,TRK_05908,ART_0437,ART_0036,Featured
COL_0629,TRK_01771,ART_0699,ART_0287,Producer
COL_0630,TRK_05283,ART_0378,ART_0416,Remix
COL_0631,TRK_01942,ART_0093,ART_0192,Featured
COL_0632,TRK_04100,ART_0437,ART_0081,Featured
COL_0633,TRK_04618,ART_0453,ART_0345,Remix
COL_0634,TRK_00686,ART_0154,ART_0382,Featured
COL_0635,TRK_02772,ART_0623,ART_0484,Featured
COL_0636,TRK_00457,ART_0627,ART_0174,Featured
COL_0637,TRK_04630,ART_0023,ART_0337,Featured
COL_0638,TRK_05583,ART_0682,ART_0566,Featured
COL_0639,TRK_02701,ART_0661,ART_0402,Featured
COL_0640,TRK_05817,ART_0352,ART_0385,Featured
COL_0641,TRK_04136,ART_0295,ART_0374,Featured
COL_0642,TRK_05092,ART_0421,ART_0542,Featured
COL_0643,TRK_05876,ART_0099,ART_0468,Featured
COL_0644,TRK_02626,ART_0025,ART_0626,Featured
COL_0645,TRK_01302,ART_0454,ART_0351,Featured
COL_0646,TRK_00285,ART_0381,ART_0162,Featured
COL_0647,TRK_02883,ART_0334,ART_0068,Featured
COL_0648,TRK_02136,ART_0437,ART_0164,Featured
COL_0649,TRK_05157,ART_0441,ART_0425,Featured
COL_0650,TRK_02333,ART_0018,ART_0470,Featured
COL_0651,TRK_05691,ART_0487,ART_0420,Featured
COL_0652,TRK_02535,ART_0270,ART_0191,Featured
COL_0653,TRK_04936,ART_0688,ART_0491,Remix
COL_0654,TRK_00087,ART_0437,ART_0017,Featured
COL_0655,TRK_01694,ART_0437,ART_0607,Featured
COL_0656,TRK_00919,ART_0074,ART_0672,Featured
COL_0657,TRK_04869,ART_0562,ART_0222,Remix
COL_0658,TRK_04887,ART_0040,ART_0477,Producer
COL_0659,TRK_05020,ART_0111,ART_0149,Featured
COL_0660,TRK_04174,ART_0326,ART_0678,Featured
COL_0661,TRK_03806,ART_0518,ART_0463,Remix
COL_0662,TRK_01569,ART_0476,ART_0487,Featured
COL_0663,TRK_04503,ART_0344,ART_0253,Remix
COL_0664,TRK_05667,ART_0154,ART_0256,Remix
COL_0665,TRK_00834,ART_0012,ART_0180,Featured
COL_0666,TRK_04848,ART_0311,ART_0606,Featured
COL_0667,TRK_05025,ART_0611,ART_0139,Featured
COL_0668,TRK_03848,ART_0532,ART_0081,Featured
COL_0669,TRK_04050,ART_0553,ART_0447,Producer
COL_0670,TRK_04566,ART_0517,ART_0059,Producer
COL_0671,TRK_01586,ART_0578,ART_0266,Featured
COL_0672,TRK_02405,ART_0629,ART_0276,Remix
COL_0673,TRK_04717,ART_0063,ART_0497,Featured
COL_0674,TRK_02183,ART_0554,ART_0239,Featured
COL_0675,TRK_04843,ART_0568,ART_0604,Featured
COL_0676,TRK_01071,ART_0050,ART_0089,Producer
COL_0677,TRK_04862,ART_0065,ART_0189,Producer
COL_0678,TRK_00861,ART_0088,ART_0635,Featured
COL_0679,TRK_05236,ART_0225,ART_0605,Featured
COL_0680,TRK_05636,ART_0567,ART_0318,Featured
COL_0681,TRK_00568,ART_0683,ART_0467,Featured
COL_0682,TRK_02055,ART_0542,ART_0073,Remix
COL_0683,TRK_02567,ART_0212,ART_0283,Featured
COL_0684,TRK_04701,ART_0338,ART_0333,Featured
COL_0685,TRK_05323,ART_0208,ART_0438,Remix
COL_0686,TRK_04950,ART_0435,ART_0389,Remix
COL_0687,TRK_05021,ART_0559,ART_0590,Featured
COL_0688,TRK_02473,ART_0050,ART_0408,Featured
COL_0689,TRK_00398,ART_0012,ART_0426,Featured
COL_0690,TRK_00511,ART_0013,ART_0202,Featured
COL_0691,TRK_04013,ART_0117,ART_0198,Featured
COL_0692,TRK_04470,ART_0040,ART_0676,Producer
COL_0693,TRK_01589,ART_0209,ART_0096,Featured
COL_0694,TRK_04702,ART_0060,ART_0438,Featured
COL_0695,TRK_03539,ART_0656,ART_0480,Remix
COL_0696,TRK_05983,ART_0068,ART_0518,Featured
COL_0697,TRK_02798,ART_0437,ART_0421,Featured
COL_0698,TRK_03952,ART_0354,ART_0596,Featured
COL_0699,TRK_00452,ART_0313,ART_0456,Producer
COL_0700,TRK_05993,ART_0641,ART_0390,Featured
COL_0701,TRK_02472,ART_0454,ART_0159,Featured
COL_0702,TRK_01184,ART_0045,ART_0589,Featured
COL_0703,TRK_04817,ART_0064,ART_0298,Featured
COL_0704,TRK_01413,ART_0041,ART_0281,Featured
COL_0705,TRK_01183,ART_0060,ART_0140,Remix
COL_0706,TRK_01790,ART_0039,ART_0442,Remix
COL_0707,TRK_01186,ART_0307,ART_0403,Featured
COL_0708,TRK_04639,ART_0691,ART_0274,Featured
COL_0709,TRK_00872,ART_0030,ART_0388,Featured
COL_0710,TRK_00774,ART_0154,ART_0650,Featured
COL_0711,TRK_01152,ART_0272,ART_0698,Producer
COL_0712,TRK_04451,ART_0655,ART_0572,Remix
COL_0713,TRK_00165,ART_0071,ART_0108,Featured
COL_0714,TRK_02770,ART_0162,ART_0607,Featured
COL_0715,TRK_05608,ART_0103,ART_0436,Featured
COL_0716,TRK_00095,ART_0484,ART_0188,Remix
COL_0717,TRK_01002,ART_0699,ART_0213,Producer
COL_0718,TRK_04467,ART_0109,ART_0593,Featured
COL_0719,TRK_03963,ART_0221,ART_0355,Featured
COL_0720,TRK_05978,ART_0626,ART_0080,Featured
COL_0721,TRK_03709,ART_0484,ART_0056,Featured
COL_0722,TRK_05414,ART_0279,ART_0198,Featured
COL_0723,TRK_04613,ART_0520,ART_0368,Remix
COL_0724,TRK_05277,ART_0372,ART_0286,Featured
COL_0725,TRK_01464,ART_0373,ART_0688,Featured
COL_0726,TRK_05695,ART_0670,ART_0497,Featured
COL_0727,TRK_04864,ART_0585,ART_0157,Remix
COL_0728,TRK_04202,ART_0064,ART_0554,Featured
COL_0729,TRK_00784,ART_0154,ART_0326,Featured
COL_0730,TRK_02070,ART_0225,ART_0046,Remix
COL_0731,TRK_01036,ART_0564,ART_0305,Featured
COL_0732,TRK_02106,ART_0021,ART_0588,Remix
COL_0733,TRK_05749,ART_0611,ART_0120,Featured
COL_0734,TRK_02600,ART_0581,ART_0552,Remix
COL_0735,TRK_03707,ART_0578,ART_0255,Remix
COL_0736,TRK_04433,ART_0647,ART_0530,Producer
COL_0737,TRK_05816,ART_0423,ART_0479,Featured
COL_0738,TRK_04222,ART_0274,ART_0099,Producer
COL_0739,TRK_02621,ART_0117,ART_0025,Featured
COL_0740,TRK_01932,ART_0065,ART_0021,Remix
COL_0741,TRK_02956,ART_0369,ART_0316,Featured
COL_0742,TRK_02333,ART_0018,ART_0267,Featured
COL_0743,TRK_02955,ART_0447,ART_0450,Featured
COL_0744,TRK_05805,ART_0121,ART_0130,Featured
COL_0745,TRK_00646,ART_0437,ART_0598,Producer
COL_0746,TRK_01826,ART_0117,ART_0638,Remix
COL_0747,TRK_04667,ART_0355,ART_0459,Producer
COL_0748,TRK_05923,ART_0377,ART_0280,Featured
COL_0749,TRK_00530,ART_0011,ART_0271,Featured
COL_0750,TRK_00394,ART_0284,ART_0093,Featured
COL_0751,TRK_03933,ART_0355,ART_0581,Featured
COL_0752,TRK_01901,ART_0075,ART_0444,Featured
COL_0753,TRK_02347,ART_0697,ART_0040,Featured
COL_0754,TRK_05381,ART_0577,ART_0603,Featured
COL_0755,TRK_04977,ART_0295,ART_0317,Remix
COL_0756,TRK_01489,ART_0401,ART_0255,Featured
COL_0757,TRK_04854,ART_0396,ART_0387,Featured
COL_0758,TRK_00672,ART_0549,ART_0559,Featured
COL_0759,TRK_05121,ART_0437,ART_0272,Featured
COL_0760,TRK_00293,ART_0611,ART_0637,Featured
COL_0761,TRK_00754,ART_0255,ART_0355,Remix
COL_0762,TRK_02676,ART_0110,ART_0673,Producer
COL_0763,TRK_00349,ART_0004,ART_0366,Featured
COL_0764,TRK_05643,ART_0585,ART_0431,Featured
COL_0765,TRK_02396,ART_0068,ART_0064,Featured
COL_0766,TRK_01314,ART_0256,ART_0521,Featured
COL_0767,TRK_04587,ART_0373,ART_0216,Featured
COL_0768,TRK_00876,ART_0166,ART_0383,Featured
COL_0769,TRK_02971,ART_0229,ART_0258,Featured
COL_0770,TRK_01219,ART_0369,ART_0689,Featured
COL_0771,TRK_02217,ART_0111,ART_0615,Remix
COL_0772,TRK_05344,ART_0413,ART_0205,Featured
COL_0773,TRK_03129,ART_0331,ART_0535,Remix
COL_0774,TRK_04289,ART_0030,ART_0184,Remix
COL_0775,TRK_00836,ART_0437,ART_0272,Featured
COL_0776,TRK_01363,ART_0162,ART_0257,Featured
COL_0777,TRK_02560,ART_0291,ART_0079,Producer
COL_0778,TRK_02818,ART_0611,ART_0441,Featured
COL_0779,TRK_05210,ART_0567,ART_0311,Featured
COL_0780,TRK_03652,ART_0012,ART_0373,Producer
COL_0781,TRK_01621,ART_0120,ART_0683,Featured
COL_0782,TRK_03469,ART_0289,ART_0678,Producer
COL_0783,TRK_04720,ART_0142,ART_0424,Remix
COL_0784,TRK_01419,ART_0670,ART_0507,Featured
COL_0785,TRK_03501,ART_0142,ART_0125,Featured
COL_0786,TRK_03181,ART_0229,ART_0125,Remix
COL_0787,TRK_02722,ART_0584,ART_0412,Featured
COL_0788,TRK_01805,ART_0300,ART_0581,Remix
COL_0789,TRK_04299,ART_0606,ART_0469,Featured
COL_0790,TRK_01519,ART_0202,ART_0020,Featured
COL_0791,TRK_03537,ART_0450,ART_0467,Remix
COL_0792,TRK_00867,ART_0203,ART_0471,Featured
COL_0793,TRK_05749,ART_0611,ART_0317,Remix
COL_0794,TRK_00129,ART_0311,ART_0140,Featured
COL_0795,TRK_04527,ART_0110,ART_0673,Featured
COL_0796,TRK_04213,ART_0539,ART_0646,Remix
COL_0797,TRK_00123,ART_0467,ART_0387,Featured
COL_0798,TRK_02318,ART_0481,ART_0671,Producer
COL_0799,TRK_01393,ART_0339,ART_0696,Featured
COL_0800,TRK_05340,ART_0437,ART_0603,Featured
